customer_id,first_name,last_name,gender,dob,email,phone,city,registered_date,pan
1,Tanvi,Talwar,F,1973-09-25,tanvi.talwar1@example.in,9807992155,Gaya,2025-02-21,SKRJX8397A
2,Riya,Bhat,M,1981-01-19,riya.bhat2@example.in,9818228310,Ahmedabad,2024-02-27,ASBBA6413A
3,Sneha,Iyer,F,1991-04-18,sneha.iyer3@example.in,9953763327,Dehradun,2021-10-16,GMKCR6804D
4,Pankaj,Saxena,O,1963-11-21,pankaj.saxena4@example.in,9732541181,Hyderabad,2024-09-03,KIWGE8350B
5,Deepak,Mehta,F,1989-04-28,deepak.mehta5@example.in,9995453652,Coimbatore,2021-06-22,CQOAC4872B
6,Pankaj,Nath,F,1973-07-02,pankaj.nath6@example.in,9701157156,Indore,2021-12-22,ZGULK8973B
7,Aditi,Mishra,M,1963-10-24,aditi.mishra7@example.in,9868365303,Delhi,2024-02-03,BPNWE9320A
8,Saanvi,Gupta,O,1964-11-28,saanvi.gupta8@example.in,9764363633,Indore,2022-05-15,YOPBC9565C
9,Neha,Kapoor,O,1980-04-09,neha.kapoor9@example.in,9861059704,Chennai,2023-04-09,LYYAQ2638A
10,Maya,Kapoor,O,1976-03-12,maya.kapoor10@example.in,9831149196,Bengaluru,2025-12-28,JEVSP9666A
11,Divya,Bajpai,F,1966-03-09,divya.bajpai11@example.in,9997009682,Hyderabad,2021-09-12,EHFIR5325D
12,Neha,Patel,M,2000-07-27,neha.patel12@example.in,9701903577,Delhi,2022-08-08,IDZEL8007A
13,Krishna,Gupta,O,1969-09-02,krishna.gupta13@example.in,9996634652,Nagpur,2025-09-24,DDIXU1653C
14,Isha,Tandon,M,1966-06-25,isha.tandon14@example.in,9782975191,Bhopal,2024-03-10,YGEUE7755A
15,Saanvi,Mahajan,F,1986-11-28,saanvi.mahajan15@example.in,9843240225,Ahmedabad,2025-03-04,ESJBM4269D
16,Vikram,Trivedi,M,1974-01-22,vikram.trivedi16@example.in,9876234293,Indore,2022-02-18,HBUJN9785C
17,Vivaan,Nair,F,1971-10-09,vivaan.nair17@example.in,9933304641,Hyderabad,2021-04-07,IULZD4114C
18,Aditya,Thakur,F,1960-09-26,aditya.thakur18@example.in,9805782431,Guwahati,2024-01-26,JBRII3041C
19,Sneha,Trivedi,O,1986-06-13,sneha.trivedi19@example.in,9997647935,Lucknow,2024-12-16,DKYRX5930D
20,Arpita,Sharma,F,1978-04-14,arpita.sharma20@example.in,9873006239,Siliguri,2025-06-16,MLFMX3780A
21,Pooja,Khan,O,2000-10-11,pooja.khan21@example.in,9866655180,Ahmedabad,2021-07-29,FFAGM2193D
22,Pankaj,Khandelwal,O,1972-12-23,pankaj.khandelwal22@example.in,9914561996,Vishakhapatnam,2023-03-16,GRATU2746D
23,Priya,Mehta,O,1993-08-02,priya.mehta23@example.in,9765153902,Ahmedabad,2024-03-05,LURZP8251D
24,Arpita,Rao,M,1990-08-09,arpita.rao24@example.in,9848880396,Ahmedabad,2025-04-07,TNQHC5681B
25,Shreya,Bose,F,1994-02-05,shreya.bose25@example.in,9905640506,Ahmedabad,2021-11-23,SSBKO7812A
26,Isha,Pillai,F,1997-12-01,isha.pillai26@example.in,9904215510,Siliguri,2025-11-08,MYHKX7865B
27,Kiran,Bhat,F,1987-08-01,kiran.bhat27@example.in,9917065859,Kanpur,2023-03-26,SVXZN7455A
28,Sai,Jain,F,1968-08-06,sai.jain28@example.in,9903529838,Jaipur,2021-05-01,ILIWH7906C
29,Sai,Bhattacharya,M,1994-01-12,sai.bhattacharya29@example.in,9736839207,Madurai,2022-04-23,UQTYF1333B
30,Riya,Menon,F,1967-10-07,riya.menon30@example.in,9837569787,Gaya,2023-08-29,TEPTC3683C
31,Rohan,Desai,M,1979-10-22,rohan.desai31@example.in,9806477489,Indore,2023-02-26,BRQCU2983A
32,Vikram,Parikh,F,1983-02-17,vikram.parikh32@example.in,9706792569,Kanpur,2024-09-06,WVCYQ8532B
33,Deepak,Mehta,O,1993-11-09,deepak.mehta33@example.in,9959575747,Ludhiana,2024-07-03,MVPIG2419C
34,Ritu,Iyer,F,1996-10-22,ritu.iyer34@example.in,9715408192,Kanpur,2023-03-06,MIMJG5581C
35,Arpita,Sharma,O,1972-02-08,arpita.sharma35@example.in,9962303235,Bhopal,2025-02-01,OGMSL1282A
36,Pooja,Bhat,F,1975-05-22,pooja.bhat36@example.in,9954079790,Nagpur,2024-04-24,OIZOJ8434C
37,Kavya,Rao,M,1967-12-07,kavya.rao37@example.in,9987689772,Hyderabad,2022-10-27,YRETH9595C
38,Rohan,Chopra,F,1974-06-06,rohan.chopra38@example.in,9986761594,Mumbai,2022-09-30,DBBHY9042A
39,Aarav,Rane,F,1990-08-15,aarav.rane39@example.in,9727582667,Kolkata,2022-12-17,GWCBM1878B
40,Karan,Rane,F,1965-04-04,karan.rane40@example.in,9821164857,Bhopal,2024-03-06,UJXHP8025C
41,Nikhil,Kulkarni,M,1999-12-04,nikhil.kulkarni41@example.in,9813293290,Pune,2025-04-30,GCGOE7693D
42,Suresh,Talwar,F,1978-01-08,suresh.talwar42@example.in,9851783270,Gaya,2022-09-01,SLRYU4241D
43,Krishna,Parikh,M,1969-05-27,krishna.parikh43@example.in,9732017929,Bengaluru,2021-11-06,EHTOH3037D
44,Suresh,Trivedi,O,1985-05-17,suresh.trivedi44@example.in,9935020003,Vishakhapatnam,2024-01-29,CBLIG2496B
45,Lakshmi,Rane,O,1961-11-27,lakshmi.rane45@example.in,9721599215,Siliguri,2022-07-24,TENLH8141D
46,Sai,Bhattacharya,F,1986-06-11,sai.bhattacharya46@example.in,9786342186,Hyderabad,2024-10-22,ISHYV1601D
47,Sai,Agarwal,F,1980-02-25,sai.agarwal47@example.in,9700617973,Amritsar,2023-04-26,ROKEJ9167D
48,Tara,Patel,M,1977-09-05,tara.patel48@example.in,9960227665,Coimbatore,2022-08-31,DZPGE1224D
49,Sai,Bhat,M,1989-02-21,sai.bhat49@example.in,9967563311,Chennai,2025-09-19,YHSKM8736B
50,Meera,Bajpai,M,1984-04-20,meera.bajpai50@example.in,9773287358,Dehradun,2023-11-25,WHUKY9318C
51,Aarav,Mishra,O,1979-10-19,aarav.mishra51@example.in,9779776556,Vishakhapatnam,2024-10-01,LMITJ6272B
52,Suresh,Iyer,O,1984-04-28,suresh.iyer52@example.in,9723432965,Bhopal,2025-05-26,IMXJZ3492D
53,Aditya,Menon,O,1997-06-28,aditya.menon53@example.in,9753532310,Coimbatore,2021-08-12,NLSKR3529A
54,Asha,Rao,F,1999-12-13,asha.rao54@example.in,9876397305,Bengaluru,2024-09-10,WWJIS8994A
55,Amit,Gupta,M,2000-11-10,amit.gupta55@example.in,9748522035,Dehradun,2022-04-29,LCQWL5906A
56,Aditya,Agarwal,M,1978-06-12,aditya.agarwal56@example.in,9831102499,Chennai,2023-06-20,NOUEC7267B
57,Kiran,Desai,M,1974-08-21,kiran.desai57@example.in,9837077481,Coimbatore,2022-06-23,RXMHO2210D
58,Vikram,Desai,F,2000-07-23,vikram.desai58@example.in,9862200336,Coimbatore,2022-06-15,FKMGO5847C
59,Vivaan,Sethi,F,1977-01-19,vivaan.sethi59@example.in,9726330428,Guwahati,2025-11-25,XTVXU4770C
60,Priya,Khandelwal,M,1999-05-22,priya.khandelwal60@example.in,9773432792,Dehradun,2025-04-15,QXQIL6977B
61,Sai,Mishra,F,1986-03-07,sai.mishra61@example.in,9896418266,Ludhiana,2021-10-16,NXVGV8894C
62,Shiv,Bose,M,1989-02-05,shiv.bose62@example.in,9913358670,Ahmedabad,2025-04-12,ZUJUA9791A
63,Meera,Ghosh,O,1976-10-13,meera.ghosh63@example.in,9899433392,Madurai,2025-08-30,CGAWO4626A
64,Chirag,Saxena,O,1979-11-14,chirag.saxena64@example.in,9724345382,Chennai,2021-09-14,YHMCX3222D
65,Meera,Ghosh,O,1994-07-19,meera.ghosh65@example.in,9782958849,Dehradun,2025-03-19,XRVQY5583A
66,Suresh,Ghosh,M,1988-08-08,suresh.ghosh66@example.in,9753340607,Nagpur,2025-11-05,ZJXQB5520B
67,Krishna,Saxena,M,1973-11-21,krishna.saxena67@example.in,9727154131,Mumbai,2024-05-25,UGDOB4394B
68,Priya,Bose,M,1998-01-09,priya.bose68@example.in,9769788994,Chennai,2025-11-12,OUCWD6869B
69,Harsh,Agarwal,M,1971-05-02,harsh.agarwal69@example.in,9926001479,Dehradun,2021-10-05,NTMUN2786D
70,Sneha,Bhat,O,1962-12-26,sneha.bhat70@example.in,9979951990,Guwahati,2025-11-29,HQAZW7984A
71,Kiran,Thakur,F,1964-02-11,kiran.thakur71@example.in,9735262882,Chennai,2024-06-17,DQPSJ9692C
72,Meera,Khan,O,1987-02-26,meera.khan72@example.in,9995995847,Hyderabad,2024-12-26,SFLFI8430D
73,Pankaj,Solanki,M,1980-07-11,pankaj.solanki73@example.in,9900951329,Jaipur,2024-10-12,YRMCC8075A
74,Shiv,Mahajan,F,1968-09-02,shiv.mahajan74@example.in,9876977336,Ludhiana,2024-05-04,RKWYK1842C
75,Anuj,Trivedi,F,1966-10-17,anuj.trivedi75@example.in,9958873463,Chennai,2022-03-30,FCVJT4705D
76,Arpita,Bedi,O,1999-11-21,arpita.bedi76@example.in,9843584904,Mumbai,2024-03-04,AHTXJ3972B
77,Nikhil,Sethi,F,1964-03-24,nikhil.sethi77@example.in,9749262031,Mumbai,2024-08-07,TFKIJ6314A
78,Vihaan,Khan,M,1999-01-22,vihaan.khan78@example.in,9937894465,Jaipur,2021-07-05,RMLHT2864C
79,Deepak,Nair,F,1997-08-17,deepak.nair79@example.in,9724383261,Lucknow,2024-10-16,FZBFY3248C
80,Pooja,Agarwal,M,1960-08-24,pooja.agarwal80@example.in,9769356047,Kolkata,2023-06-19,JSNVU2180D
81,Shiv,Singh,F,1961-08-03,shiv.singh81@example.in,9930470246,Kanpur,2025-11-19,OSKCA6321B
82,Amit,Saxena,O,1983-02-14,amit.saxena82@example.in,9830629537,Hyderabad,2025-10-14,LKCWT4630C
83,Irfan,Joshi,M,1992-11-04,irfan.joshi83@example.in,9804101257,Amritsar,2024-01-10,XJSVV4871A
84,Karan,Rao,M,1971-10-05,karan.rao84@example.in,9740454981,Madurai,2025-04-24,EUMTT8354C
85,Chirag,Agarwal,M,1988-02-16,chirag.agarwal85@example.in,9862575482,Madurai,2023-07-13,UPJBM1616A
86,Rakesh,Mishra,M,1965-10-20,rakesh.mishra86@example.in,9948416429,Indore,2023-11-23,PYTBX4084C
87,Anuj,Bhattacharya,O,1969-01-15,anuj.bhattacharya87@example.in,9745273856,Kanpur,2021-08-18,NEGLL9564B
88,Rakesh,Ghosh,F,1984-07-25,rakesh.ghosh88@example.in,9728113521,Guwahati,2022-12-12,UQBCR5655C
89,Gaurav,Sethi,O,1969-06-03,gaurav.sethi89@example.in,9775928783,Guwahati,2024-04-26,XIRRD2388C
90,Arpita,Dutta,O,1981-03-22,arpita.dutta90@example.in,9982605273,Dehradun,2024-12-28,CRNAI4509C
91,Irfan,Nath,M,1974-03-05,irfan.nath91@example.in,9754299533,Lucknow,2021-06-26,NOTNR3147D
92,Karan,Joshi,M,1999-03-24,karan.joshi92@example.in,9920578038,Delhi,2023-07-04,JSZPT8355B
93,Maya,Iyer,F,1990-04-12,maya.iyer93@example.in,9936543931,Siliguri,2024-11-08,MHJNZ4271B
94,Neha,Patel,O,1990-06-18,neha.patel94@example.in,9976976742,Gaya,2021-08-17,WHTHX3414D
95,Sai,Bhat,F,1982-01-14,sai.bhat95@example.in,9969513017,Indore,2021-05-08,JKCFI2623C
96,Karan,Menon,M,1978-08-23,karan.menon96@example.in,9951851583,Chennai,2025-09-17,LACGV9991D
97,Krishna,Bedi,F,1975-05-04,krishna.bedi97@example.in,9925392121,Ahmedabad,2021-04-26,QQBVM9782A
98,Chirag,Khan,O,1975-12-05,chirag.khan98@example.in,9700839847,Bhopal,2022-09-07,PGKRC6908A
99,Tanvi,Parikh,O,1992-09-01,tanvi.parikh99@example.in,9723372367,Vishakhapatnam,2023-03-29,QZGAU6649B
100,Gaurav,Sethi,O,1966-10-24,gaurav.sethi100@example.in,9771623731,Kanpur,2025-04-17,BOVEU8612D
101,Chirag,Mehta,M,1964-12-25,chirag.mehta101@example.in,9857540783,Delhi,2023-08-14,FUXII7524D
102,Neha,Singh,O,1972-05-12,neha.singh102@example.in,9878200709,Delhi,2025-11-19,HULKL7334C
103,Saanvi,Nath,O,1991-06-26,saanvi.nath103@example.in,9744351715,Jaipur,2023-12-18,SCPVO6262A
104,Sai,Agarwal,O,1978-05-15,sai.agarwal104@example.in,9928769325,Gaya,2024-06-06,ELLSX8126C
105,Chirag,Patel,M,2000-07-12,chirag.patel105@example.in,9785892217,Dehradun,2023-12-05,YDPUA2101B
106,Irfan,Jain,F,1983-07-19,irfan.jain106@example.in,9782376487,Patna,2021-03-26,RYJTO9674C
107,Sunil,Agarwal,O,1977-04-04,sunil.agarwal107@example.in,9799883784,Dehradun,2021-03-13,MKOGG8311B
108,Amit,Mishra,O,1991-04-04,amit.mishra108@example.in,9942688571,Bengaluru,2021-10-23,ESZVZ6236C
109,Rajesh,Gupta,O,1994-05-10,rajesh.gupta109@example.in,9793464399,Kolkata,2025-10-28,UNDFD9094A
110,Rakesh,Bajpai,O,1983-08-26,rakesh.bajpai110@example.in,9746286585,Chennai,2024-02-22,BKSMK7708A
111,Rahul,Agarwal,O,1964-08-15,rahul.agarwal111@example.in,9884959964,Amritsar,2024-11-11,DVOPT3114D
112,Sneha,Patel,M,1993-03-10,sneha.patel112@example.in,9873227168,Kolkata,2021-12-22,YFYNH2292C
113,Aditi,Khandelwal,O,1977-03-21,aditi.khandelwal113@example.in,9986408837,Patna,2022-10-01,CQPPE6531A
114,Vivaan,Kumar,M,1996-05-21,vivaan.kumar114@example.in,9923653325,Siliguri,2022-03-26,QAXOQ5949D
115,Riya,Tandon,F,1979-08-03,riya.tandon115@example.in,9784868795,Delhi,2024-11-29,LMFPI6231C
116,Sunil,Menon,F,1992-09-04,sunil.menon116@example.in,9950435553,Ahmedabad,2022-11-03,DLDBY7850B
117,Ananya,Agarwal,O,1980-04-25,ananya.agarwal117@example.in,9976340793,Vishakhapatnam,2021-12-11,MWMCK8491B
118,Isha,Desai,F,1963-01-10,isha.desai118@example.in,9952644392,Patna,2023-10-29,HACDG6992D
119,Rakesh,Singh,F,1963-10-18,rakesh.singh119@example.in,9997009298,Nagpur,2022-02-21,HKLOV2946B
120,Rohan,Mukherjee,F,1981-09-12,rohan.mukherjee120@example.in,9806868386,Chennai,2025-04-14,PKBBS8761D
121,Karan,Talwar,O,1968-06-20,karan.talwar121@example.in,9910965885,Kolkata,2022-11-02,ZTHIV9721D
122,Rajesh,Rane,F,1990-01-12,rajesh.rane122@example.in,9758843515,Guwahati,2022-11-28,ZPUSR1436D
123,Neha,Jain,O,1996-04-24,neha.jain123@example.in,9957938978,Siliguri,2021-05-04,EQQVD4968A
124,Nikhil,Yadav,M,1972-01-15,nikhil.yadav124@example.in,9781299038,Bhopal,2022-10-23,KFNPM2020B
125,Tanvi,Kapoor,O,1980-11-16,tanvi.kapoor125@example.in,9868444640,Indore,2023-12-31,YLNOR5331D
126,Aditi,Iyer,F,1995-05-08,aditi.iyer126@example.in,9811281418,Lucknow,2022-09-20,RMMOY5480C
127,Krishna,Rane,O,1994-07-13,krishna.rane127@example.in,9778638770,Nagpur,2025-08-22,HHSJL5201D
128,Isha,Chopra,O,1977-09-23,isha.chopra128@example.in,9758640574,Chennai,2022-07-29,QPGRN4814A
129,Rohan,Pillai,F,1990-02-22,rohan.pillai129@example.in,9702781764,Chennai,2025-05-16,ZZEQW8793D
130,Bhavna,Chopra,F,1980-05-21,bhavna.chopra130@example.in,9824672269,Bengaluru,2021-05-20,NSYXE3880A
131,Sunil,Nath,M,1978-01-01,sunil.nath131@example.in,9757606619,Siliguri,2022-09-22,YILQN3198D
132,Shreya,Chopra,M,1981-03-24,shreya.chopra132@example.in,9838118028,Madurai,2023-08-16,SAIHR4164B
133,Amit,Khandelwal,F,1987-09-11,amit.khandelwal133@example.in,9751209488,Indore,2021-07-15,EDIGG4858D
134,Tara,Das,F,1979-10-24,tara.das134@example.in,9840420279,Mumbai,2024-04-06,QSBDH7642C
135,Suresh,Nair,O,1978-06-20,suresh.nair135@example.in,9771709194,Ahmedabad,2022-04-16,MLZJS8714B
136,Tara,Iyer,O,1998-02-17,tara.iyer136@example.in,9894231772,Amritsar,2023-07-22,COBON9792B
137,Ananya,Agarwal,O,1988-02-22,ananya.agarwal137@example.in,9962437519,Gaya,2022-03-15,CNVLN8484A
138,Arpita,Saxena,O,1979-12-01,arpita.saxena138@example.in,9701618918,Jaipur,2023-04-09,TPBIB1987A
139,Asha,Singh,F,1986-03-25,asha.singh139@example.in,9925680099,Madurai,2021-10-23,JXLXJ2314B
140,Bhavna,Chatterjee,M,1971-09-13,bhavna.chatterjee140@example.in,9819555899,Chennai,2024-01-07,VTZMS7948D
141,Priya,Iyer,F,1982-03-09,priya.iyer141@example.in,9760583007,Dehradun,2022-02-09,ARPYX4943B
142,Arjun,Reddy,O,1962-08-20,arjun.reddy142@example.in,9726132901,Gaya,2024-10-26,GBLOT1924B
143,Sneha,Mishra,M,1996-06-19,sneha.mishra143@example.in,9872155774,Guwahati,2024-05-27,GWZNK5508A
144,Arpita,Desai,O,1971-11-22,arpita.desai144@example.in,9966084387,Ludhiana,2023-06-12,BIQJN7821D
145,Karan,Trivedi,F,1971-09-16,karan.trivedi145@example.in,9861456632,Ahmedabad,2022-05-27,WDMBK7824B
146,Anil,Iyer,F,1973-06-21,anil.iyer146@example.in,9899220713,Coimbatore,2021-06-29,CSEGR1647A
147,Aditi,Garg,O,1995-04-16,aditi.garg147@example.in,9862772829,Kanpur,2022-03-22,YAYZD8846B
148,Suresh,Talwar,O,1973-07-08,suresh.talwar148@example.in,9851966250,Kanpur,2024-02-23,JNJGN9147D
149,Rohan,Solanki,F,1980-04-12,rohan.solanki149@example.in,9724543292,Bhopal,2022-10-21,OFDGY7841C
150,Karan,Chopra,F,1974-07-19,karan.chopra150@example.in,9968060440,Ahmedabad,2025-09-21,OYITM9037D
151,Ananya,Solanki,F,1970-03-24,ananya.solanki151@example.in,9798809892,Vishakhapatnam,2024-02-12,XOQBA2217A
152,Tara,Sharma,F,1968-11-08,tara.sharma152@example.in,9781083424,Gaya,2021-06-07,ANJQR8916D
153,Vivaan,Sharma,O,1995-07-01,vivaan.sharma153@example.in,9847500310,Amritsar,2021-02-22,NHNSL3937A
154,Rohan,Shaikh,M,1975-04-20,rohan.shaikh154@example.in,9890289116,Jaipur,2024-01-02,GKJKO4700C
155,Lakshmi,Kumar,O,1962-02-13,lakshmi.kumar155@example.in,9996729326,Indore,2023-03-06,MQSCV6427A
156,Tanvi,Singh,M,1973-12-19,tanvi.singh156@example.in,9724997766,Jaipur,2023-09-19,YRHOR3938C
157,Vivaan,Kapoor,O,1969-12-27,vivaan.kapoor157@example.in,9860673056,Bengaluru,2023-04-14,EGVKX6435D
158,Tara,Mahajan,M,1965-09-24,tara.mahajan158@example.in,9752444656,Delhi,2022-12-28,LVITY7499C
159,Vivaan,Khandelwal,F,1988-08-08,vivaan.khandelwal159@example.in,9901555833,Ludhiana,2023-01-17,LRRCQ5037A
160,Sai,Das,M,1984-12-26,sai.das160@example.in,9909176707,Chennai,2024-08-09,ICAIJ5419A
161,Rahul,Kumar,M,1987-08-18,rahul.kumar161@example.in,9919067048,Amritsar,2024-02-29,CCOPU7311A
162,Pooja,Pillai,F,1965-12-18,pooja.pillai162@example.in,9979765867,Siliguri,2022-05-31,EJDHM2036B
163,Deepak,Das,F,1979-08-26,deepak.das163@example.in,9835130266,Nagpur,2021-06-25,YSMQL3219C
164,Aarav,Mukherjee,F,1999-07-26,aarav.mukherjee164@example.in,9936342880,Kanpur,2025-11-19,IVWZD6253B
165,Asha,Agarwal,M,1985-06-10,asha.agarwal165@example.in,9963607541,Gaya,2025-03-04,ZUIHU6980A
166,Nikhil,Chopra,O,1994-03-22,nikhil.chopra166@example.in,9714450473,Ludhiana,2025-05-10,YMSLH2133D
167,Lakshmi,Nath,M,2000-05-08,lakshmi.nath167@example.in,9782755016,Guwahati,2022-06-20,SUBZM7566D
168,Maya,Singh,F,1994-10-21,maya.singh168@example.in,9833267986,Hyderabad,2021-07-12,RJQBZ7547C
169,Deepak,Reddy,M,1966-05-08,deepak.reddy169@example.in,9978527431,Dehradun,2023-11-30,ORFJM9199B
170,Vikram,Verma,F,1966-05-14,vikram.verma170@example.in,9776061280,Hyderabad,2021-07-13,JIUNJ2599D
171,Gaurav,Yadav,F,1980-02-10,gaurav.yadav171@example.in,9761785932,Gaya,2021-04-20,AICUY4996B
172,Arpita,Joshi,F,1995-07-15,arpita.joshi172@example.in,9799026792,Indore,2022-05-08,ERKTW8365D
173,Anil,Sharma,O,1973-04-09,anil.sharma173@example.in,9733588656,Gaya,2025-04-08,PUNJF2867C
174,Divya,Nath,O,2000-06-20,divya.nath174@example.in,9910745458,Patna,2023-03-25,PJVQV5873A
175,Lakshmi,Menon,F,1967-04-10,lakshmi.menon175@example.in,9900417168,Kolkata,2021-09-15,SNKDJ4043D
176,Chirag,Parikh,O,1971-09-06,chirag.parikh176@example.in,9775321130,Lucknow,2023-10-18,EVQWY8939B
177,Aditi,Dutta,O,1992-11-16,aditi.dutta177@example.in,9963993323,Guwahati,2023-05-06,KVMCA4613C
178,Aditya,Das,M,1994-05-06,aditya.das178@example.in,9965919326,Coimbatore,2025-06-05,OCCUV7010A
179,Tara,Solanki,F,1994-04-14,tara.solanki179@example.in,9832892529,Dehradun,2021-08-16,HZLJV8193A
180,Irfan,Iyer,M,1997-12-12,irfan.iyer180@example.in,9929870442,Gaya,2025-11-17,EDFFB6747C
181,Anuj,Parikh,M,1980-12-10,anuj.parikh181@example.in,9843528713,Siliguri,2022-09-03,YNXVD7743A
182,Shreya,Jain,M,1968-04-05,shreya.jain182@example.in,9832904937,Kanpur,2025-01-14,TRMPG7786D
183,Ritu,Gupta,O,1965-07-17,ritu.gupta183@example.in,9898143577,Jaipur,2025-04-03,LMPWW2526D
184,Chirag,Sethi,O,1982-02-26,chirag.sethi184@example.in,9816946553,Indore,2024-01-18,ZVMIH9967B
185,Nikhil,Nath,F,1963-01-04,nikhil.nath185@example.in,9708740985,Coimbatore,2024-07-24,DWLAY4314B
186,Bhavna,Trivedi,M,1977-02-21,bhavna.trivedi186@example.in,9744249185,Jaipur,2023-01-27,JXEKH4836D
187,Bhavna,Kumar,O,1966-01-07,bhavna.kumar187@example.in,9771242656,Bengaluru,2023-09-22,PNLAI2975D
188,Suresh,Menon,F,1964-04-13,suresh.menon188@example.in,9754990170,Dehradun,2021-07-20,CJHJV3181B
189,Arjun,Shaikh,O,1960-10-21,arjun.shaikh189@example.in,9888542471,Coimbatore,2021-12-21,SQDKR4559A
190,Rohan,Menon,M,1997-12-13,rohan.menon190@example.in,9868847869,Bhopal,2023-01-08,UGQGP5668A
191,Divya,Trivedi,M,1993-10-17,divya.trivedi191@example.in,9910319725,Dehradun,2022-02-09,HBXYM2847B
192,Kiran,Khandelwal,O,1964-09-01,kiran.khandelwal192@example.in,9770857771,Kanpur,2023-01-28,KVKOE8717A
193,Vivaan,Desai,M,1960-05-07,vivaan.desai193@example.in,9913661214,Delhi,2021-04-10,NQNKS2350B
194,Shreya,Kumar,F,1965-09-07,shreya.kumar194@example.in,9987972282,Chennai,2025-07-31,IPTQQ6081D
195,Gaurav,Iyer,M,1975-02-14,gaurav.iyer195@example.in,9729543266,Coimbatore,2021-09-13,ITTDS1185B
196,Kiran,Chatterjee,O,1993-12-09,kiran.chatterjee196@example.in,9768145351,Nagpur,2021-12-26,TWTDX6488D
197,Shreya,Shaikh,M,1976-12-19,shreya.shaikh197@example.in,9966367199,Bengaluru,2024-07-27,LJMOJ5179A
198,Nikhil,Tandon,O,1967-04-24,nikhil.tandon198@example.in,9723642670,Mumbai,2023-11-27,WABJX3932A
199,Arpita,Thakur,O,1986-04-11,arpita.thakur199@example.in,9871763868,Bhopal,2022-06-11,HCJNX3938B
200,Tanvi,Singh,F,1964-08-28,tanvi.singh200@example.in,9875718347,Lucknow,2022-08-20,CLJHU4974D
201,Rakesh,Desai,F,1972-12-18,rakesh.desai201@example.in,9780834710,Ahmedabad,2025-04-25,AKGJV1157C
202,Aarav,Garg,O,1984-12-24,aarav.garg202@example.in,9810162888,Hyderabad,2022-10-10,NGMBZ5584A
203,Aditya,Bhat,O,1986-12-12,aditya.bhat203@example.in,9745581639,Dehradun,2023-08-15,PNQKP2020D
204,Divya,Menon,M,1978-05-28,divya.menon204@example.in,9875154979,Indore,2022-10-26,IHBFU2785B
205,Rohan,Joshi,F,1989-06-14,rohan.joshi205@example.in,9892354105,Ludhiana,2021-09-23,ZFIGD3582C
206,Rajesh,Yadav,O,1962-04-27,rajesh.yadav206@example.in,9779630734,Kanpur,2025-11-08,CGJNR5262B
207,Vivaan,Mukherjee,F,1995-12-18,vivaan.mukherjee207@example.in,9948057581,Hyderabad,2022-06-14,CUDBU4641B
208,Aditi,Mukherjee,F,2000-11-03,aditi.mukherjee208@example.in,9838953276,Siliguri,2024-04-25,XBZFQ3110A
209,Manish,Nair,M,1989-01-06,manish.nair209@example.in,9912063306,Bhopal,2024-04-08,MJLJX5505C
210,Ritu,Khan,M,1999-10-20,ritu.khan210@example.in,9858433379,Madurai,2022-06-06,MWMCJ7868B
211,Bhavna,Shaikh,M,2000-09-26,bhavna.shaikh211@example.in,9892796846,Indore,2021-02-27,MUIOI5430B
212,Vivaan,Agarwal,O,1974-01-26,vivaan.agarwal212@example.in,9731455927,Jaipur,2025-06-01,VMJPG3615A
213,Riya,Sethi,M,1977-09-27,riya.sethi213@example.in,9730015728,Dehradun,2025-06-27,TYOZK3846B
214,Riya,Desai,F,1982-10-01,riya.desai214@example.in,9888807915,Gaya,2024-12-29,YOOEZ9064C
215,Saanvi,Nath,M,1965-01-08,saanvi.nath215@example.in,9710698759,Ahmedabad,2024-06-04,NAXFD3907C
216,Vihaan,Verma,M,1997-12-05,vihaan.verma216@example.in,9982552408,Hyderabad,2025-05-23,WYJYK2655C
217,Kavya,Agarwal,M,1970-12-14,kavya.agarwal217@example.in,9961563518,Madurai,2025-06-28,QEZSY6846B
218,Divya,Desai,M,1984-05-24,divya.desai218@example.in,9768369635,Lucknow,2024-11-29,EASOW1530B
219,Anuj,Agarwal,O,1974-11-19,anuj.agarwal219@example.in,9775507333,Vishakhapatnam,2021-08-20,ICJIQ2453C
220,Ritu,Sharma,F,1973-04-23,ritu.sharma220@example.in,9837792183,Nagpur,2021-06-06,USBLK3725D
221,Kiran,Dutta,F,1994-07-04,kiran.dutta221@example.in,9821108807,Vishakhapatnam,2025-09-12,EBVHI2715A
222,Manish,Joshi,F,1970-12-03,manish.joshi222@example.in,9881435836,Bengaluru,2024-02-13,PPMAY3703D
223,Ananya,Patel,M,1981-04-07,ananya.patel223@example.in,9997486846,Gaya,2023-05-07,SSGHG1813D
224,Nikhil,Bajpai,F,1969-01-12,nikhil.bajpai224@example.in,9747045116,Bhopal,2021-01-26,HRPFA3798C
225,Sai,Bhattacharya,M,1979-07-16,sai.bhattacharya225@example.in,9842273154,Guwahati,2023-10-17,COEXJ8303A
226,Neha,Rao,F,1976-04-27,neha.rao226@example.in,9733092386,Siliguri,2022-07-23,DSCRV7782B
227,Arpita,Patel,F,1993-07-18,arpita.patel227@example.in,9826509345,Vishakhapatnam,2024-11-26,MCXSN9467B
228,Krishna,Garg,F,1971-03-07,krishna.garg228@example.in,9767745595,Pune,2025-08-01,BCRFV3422C
229,Siddharth,Solanki,M,1965-07-18,siddharth.solanki229@example.in,9875087994,Ludhiana,2023-04-12,WNXAS9561D
230,Krishna,Pillai,M,1969-10-19,krishna.pillai230@example.in,9756712261,Hyderabad,2024-04-26,OCHNI7732C
231,Anil,Jain,F,1996-10-16,anil.jain231@example.in,9847861841,Kolkata,2021-04-05,KQRKK6431B
232,Vihaan,Mahajan,F,1977-06-01,vihaan.mahajan232@example.in,9866939635,Lucknow,2022-12-11,HMSCW3201C
233,Shiv,Rao,F,1977-12-14,shiv.rao233@example.in,9747935515,Madurai,2024-06-10,EFVTT7126A
234,Sneha,Joshi,M,1979-12-17,sneha.joshi234@example.in,9981474016,Chennai,2023-04-25,WAFVV5087A
235,Meera,Patel,F,1972-05-12,meera.patel235@example.in,9971187658,Coimbatore,2025-09-01,KXRGM8308B
236,Asha,Desai,O,1982-06-06,asha.desai236@example.in,9748528795,Jaipur,2025-09-30,HKEOZ4626B
237,Lakshmi,Kapoor,F,1986-09-01,lakshmi.kapoor237@example.in,9704777068,Guwahati,2025-11-24,MDEUF6004C
238,Deepak,Dutta,F,1989-05-07,deepak.dutta238@example.in,9979515343,Lucknow,2023-09-01,VKCNR7131C
239,Kavya,Tandon,M,1990-02-11,kavya.tandon239@example.in,9874556634,Madurai,2022-08-08,WGSXH3456B
240,Vihaan,Talwar,F,1980-11-05,vihaan.talwar240@example.in,9967025000,Mumbai,2025-02-04,ZGKKA4111C
241,Gaurav,Thakur,M,1994-11-26,gaurav.thakur241@example.in,9892466681,Guwahati,2023-09-20,NVVWE2599D
242,Rahul,Mahajan,F,1995-03-22,rahul.mahajan242@example.in,9747942477,Madurai,2022-12-07,FFWKX7089C
243,Harsh,Mishra,F,1967-08-02,harsh.mishra243@example.in,9738233657,Madurai,2025-11-28,MFDRN7768A
244,Karan,Menon,M,1981-07-19,karan.menon244@example.in,9869857075,Chennai,2023-08-14,WECIZ6134A
245,Aarav,Rao,F,1973-03-19,aarav.rao245@example.in,9962839696,Kolkata,2025-05-03,UUDLL8029D
246,Anil,Sharma,M,1994-04-24,anil.sharma246@example.in,9872986858,Mumbai,2023-02-22,TNAAT4707C
247,Kavya,Menon,M,1984-09-19,kavya.menon247@example.in,9735050700,Kolkata,2022-10-07,VHHSP6535D
248,Lakshmi,Menon,F,1991-06-25,lakshmi.menon248@example.in,9916569242,Kolkata,2022-02-08,AFZFA9267B
249,Krishna,Ghosh,O,1962-07-21,krishna.ghosh249@example.in,9726084925,Ludhiana,2022-06-26,PBCVB2897D
250,Ritu,Dutta,M,1995-05-16,ritu.dutta250@example.in,9810324241,Chennai,2024-12-26,SQHRR5423B
251,Pankaj,Reddy,O,1999-02-10,pankaj.reddy251@example.in,9967221624,Hyderabad,2021-09-09,FFGNF7713C
252,Ananya,Singh,O,1991-04-23,ananya.singh252@example.in,9825899058,Kanpur,2023-09-30,ARXVR3443A
253,Irfan,Khan,M,1966-05-21,irfan.khan253@example.in,9858925698,Coimbatore,2022-05-07,GBVWW6901C
254,Deepak,Mahajan,M,1966-01-01,deepak.mahajan254@example.in,9791543083,Chennai,2025-10-29,IXYGT7105C
255,Saanvi,Nair,F,1985-08-09,saanvi.nair255@example.in,9956755834,Indore,2025-09-26,UQUCS1960B
256,Rohan,Pillai,O,1990-10-22,rohan.pillai256@example.in,9903877144,Kolkata,2023-07-05,UPWWS3140D
257,Kiran,Nair,F,1988-01-03,kiran.nair257@example.in,9868705214,Madurai,2022-07-08,AWNTS4669C
258,Tanvi,Shaikh,O,1999-02-14,tanvi.shaikh258@example.in,9833453756,Dehradun,2024-10-05,MRQDV1894A
259,Bhavna,Joshi,O,1990-08-28,bhavna.joshi259@example.in,9963951490,Bengaluru,2021-12-23,IIHNO7203D
260,Riya,Kumar,F,1988-10-15,riya.kumar260@example.in,9940017871,Vishakhapatnam,2021-07-18,IZTAK1587A
261,Sai,Talwar,O,2000-05-17,sai.talwar261@example.in,9944924762,Pune,2024-03-15,YJBFL8751C
262,Rajesh,Rao,M,1966-11-08,rajesh.rao262@example.in,9890663786,Kanpur,2021-01-23,VZHNS1750B
263,Kiran,Menon,O,1986-02-09,kiran.menon263@example.in,9800686598,Pune,2024-06-23,DWFVE6536A
264,Tara,Pillai,M,2000-11-19,tara.pillai264@example.in,9945558247,Coimbatore,2021-09-28,RYDMN1795D
265,Harsh,Bhattacharya,O,1971-12-19,harsh.bhattacharya265@example.in,9768924447,Dehradun,2022-01-09,CRPIW7859B
266,Shreya,Mukherjee,F,1978-08-26,shreya.mukherjee266@example.in,9921591039,Chennai,2021-10-19,PXNVO6143B
267,Aditi,Kapoor,O,1978-11-12,aditi.kapoor267@example.in,9795462466,Chennai,2024-10-27,NSIDJ8870D
268,Lakshmi,Mahajan,O,1978-07-26,lakshmi.mahajan268@example.in,9757160899,Amritsar,2021-02-14,ADRFT3636C
269,Lakshmi,Rao,M,1963-12-26,lakshmi.rao269@example.in,9990539552,Pune,2022-09-15,AVCWT4675D
270,Riya,Khan,O,1978-12-22,riya.khan270@example.in,9908066818,Indore,2021-04-25,KURZB5117B
271,Amit,Bedi,F,1974-11-23,amit.bedi271@example.in,9897429508,Madurai,2025-01-11,TOPUZ5819D
272,Saanvi,Tandon,M,1971-03-24,saanvi.tandon272@example.in,9902506759,Hyderabad,2023-12-07,BHGEV1092C
273,Meera,Thakur,M,1962-03-11,meera.thakur273@example.in,9861681262,Delhi,2024-05-25,MOJUI4603B
274,Tanvi,Gupta,O,1970-07-18,tanvi.gupta274@example.in,9749362892,Indore,2024-01-23,JWRIH9691D
275,Arpita,Garg,O,1960-02-22,arpita.garg275@example.in,9829035782,Coimbatore,2022-12-28,XPQYR6258D
276,Krishna,Dutta,F,1994-12-10,krishna.dutta276@example.in,9901304066,Amritsar,2021-03-10,NNMHQ6248A
277,Rohan,Joshi,O,1994-01-21,rohan.joshi277@example.in,9814447526,Pune,2021-06-02,WLCNS8130A
278,Shiv,Tandon,M,1961-08-23,shiv.tandon278@example.in,9746987427,Delhi,2022-11-29,BEGBV5237D
279,Anil,Rao,O,1985-07-11,anil.rao279@example.in,9763514922,Indore,2021-02-22,NQQTP2189C
280,Sneha,Reddy,F,1979-10-03,sneha.reddy280@example.in,9904769855,Coimbatore,2022-08-18,KRMND7406C
281,Chirag,Khan,F,1983-01-18,chirag.khan281@example.in,9775899519,Ludhiana,2025-12-15,DAPNY5992B
282,Shiv,Mahajan,O,1982-04-14,shiv.mahajan282@example.in,9776480008,Amritsar,2024-09-02,EFVFE1891D
283,Bhavna,Bajpai,M,1978-11-03,bhavna.bajpai283@example.in,9805987761,Hyderabad,2022-06-16,SMIDR2639C
284,Amit,Gupta,M,1980-08-15,amit.gupta284@example.in,9864108279,Patna,2022-11-22,SDOVY3762A
285,Siddharth,Iyer,M,1987-05-27,siddharth.iyer285@example.in,9878006503,Chennai,2023-01-25,WMJHO3879A
286,Shreya,Menon,O,1972-05-24,shreya.menon286@example.in,9741050426,Madurai,2026-01-08,SXWQV7637B
287,Aditya,Bajpai,F,1994-09-16,aditya.bajpai287@example.in,9896397383,Chennai,2024-09-19,KXPWD9210A
288,Sunil,Ghosh,O,1960-11-08,sunil.ghosh288@example.in,9789036577,Patna,2025-10-21,TDEOO3395D
289,Vikram,Singh,M,1991-04-03,vikram.singh289@example.in,9825637819,Nagpur,2022-07-14,BFXJM8448A
290,Aditya,Jain,F,1966-12-17,aditya.jain290@example.in,9841366738,Jaipur,2024-08-08,POJJP2275C
291,Anil,Bhat,O,1985-06-27,anil.bhat291@example.in,9961381808,Nagpur,2025-12-01,UXAWL4768A
292,Sneha,Jain,F,1973-03-06,sneha.jain292@example.in,9763528052,Nagpur,2021-12-07,RKICR8848B
293,Harsh,Joshi,O,1986-01-08,harsh.joshi293@example.in,9786505548,Chennai,2021-04-17,DNXDE3949D
294,Anuj,Rane,O,1961-12-24,anuj.rane294@example.in,9746035879,Lucknow,2024-10-05,FPMMF7730B
295,Harsh,Bedi,M,1999-11-17,harsh.bedi295@example.in,9883970239,Kolkata,2022-07-14,XPBJD1271B
296,Tanvi,Khan,O,1986-03-20,tanvi.khan296@example.in,9955480320,Kolkata,2021-08-04,XPWNT2526D
297,Divya,Menon,O,1994-01-25,divya.menon297@example.in,9931658093,Madurai,2024-11-08,NJBNF8899D
298,Vikram,Desai,O,1996-02-14,vikram.desai298@example.in,9956163248,Jaipur,2021-10-20,TXCPO5223B
299,Aarav,Thakur,O,1960-10-17,aarav.thakur299@example.in,9703862278,Amritsar,2021-09-17,JFUKC7980C
300,Neha,Parikh,F,1996-06-20,neha.parikh300@example.in,9913381568,Guwahati,2022-08-06,TKUMJ8925C
